<STATUS> at <TIME> (@100 ns),,push,pop,peek,clear,din,,full(exp:act),empty(exp:act),dout(exp:act)
SUCCESS at 200 ns,,0,0,0,1,--------,,0:0,1:1,--------:00000000
SUCCESS at 300 ns,,0,0,0,1,--------,,0:0,1:1,--------:00000000
SUCCESS at 400 ns,,1,0,0,0,00000000,,0:0,0:0,--------:00000000
SUCCESS at 500 ns,,0,0,1,0,--------,,0:0,0:0,00000000:00000000
SUCCESS at 600 ns,,1,0,0,0,00000001,,0:0,0:0,--------:00000001
SUCCESS at 700 ns,,0,0,1,0,--------,,0:0,0:0,00000001:00000001
SUCCESS at 800 ns,,1,0,0,0,00000010,,0:0,0:0,--------:00000010
SUCCESS at 900 ns,,0,0,1,0,--------,,0:0,0:0,00000010:00000010
SUCCESS at 1000 ns,,1,0,0,0,00000011,,0:0,0:0,--------:00000011
SUCCESS at 1100 ns,,0,0,1,0,--------,,0:0,0:0,00000011:00000011
SUCCESS at 1200 ns,,1,0,0,0,00000100,,0:0,0:0,--------:00000100
SUCCESS at 1300 ns,,0,0,1,0,--------,,0:0,0:0,00000100:00000100
SUCCESS at 1400 ns,,1,0,0,0,00000101,,0:0,0:0,--------:00000101
SUCCESS at 1500 ns,,0,0,1,0,--------,,0:0,0:0,00000101:00000101
SUCCESS at 1600 ns,,1,0,0,0,00000110,,0:0,0:0,--------:00000110
SUCCESS at 1700 ns,,0,0,1,0,--------,,0:0,0:0,00000110:00000110
SUCCESS at 1800 ns,,1,0,0,0,00000111,,0:0,0:0,--------:00000111
SUCCESS at 1900 ns,,0,0,1,0,--------,,0:0,0:0,00000111:00000111
SUCCESS at 2000 ns,,1,0,0,0,00001000,,0:0,0:0,--------:00001000
SUCCESS at 2100 ns,,0,0,1,0,--------,,0:0,0:0,00001000:00001000
SUCCESS at 2200 ns,,1,0,0,0,00001001,,0:0,0:0,--------:00001001
SUCCESS at 2300 ns,,0,0,1,0,--------,,0:0,0:0,00001001:00001001
SUCCESS at 2400 ns,,1,0,0,0,00001010,,0:0,0:0,--------:00001010
SUCCESS at 2500 ns,,0,0,1,0,--------,,0:0,0:0,00001010:00001010
SUCCESS at 2600 ns,,1,0,0,0,00001011,,0:0,0:0,--------:00001011
SUCCESS at 2700 ns,,0,0,1,0,--------,,0:0,0:0,00001011:00001011
SUCCESS at 2800 ns,,1,0,0,0,00001100,,0:0,0:0,--------:00001100
SUCCESS at 2900 ns,,0,0,1,0,--------,,0:0,0:0,00001100:00001100
SUCCESS at 3000 ns,,1,0,0,0,00001101,,0:0,0:0,--------:00001101
SUCCESS at 3100 ns,,0,0,1,0,--------,,0:0,0:0,00001101:00001101
SUCCESS at 3200 ns,,1,0,0,0,00001110,,0:0,0:0,--------:00001110
SUCCESS at 3300 ns,,0,0,1,0,--------,,0:0,0:0,00001110:00001110
SUCCESS at 3400 ns,,1,0,0,0,00001111,,0:0,0:0,--------:00001111
SUCCESS at 3500 ns,,0,0,1,0,--------,,0:0,0:0,00001111:00001111
SUCCESS at 3600 ns,,1,0,0,0,00010000,,0:0,0:0,--------:00010000
SUCCESS at 3700 ns,,0,0,1,0,--------,,0:0,0:0,00010000:00010000
SUCCESS at 3800 ns,,1,0,0,0,00010001,,0:0,0:0,--------:00010001
SUCCESS at 3900 ns,,0,0,1,0,--------,,0:0,0:0,00010001:00010001
SUCCESS at 4000 ns,,1,0,0,0,00010010,,0:0,0:0,--------:00010010
SUCCESS at 4100 ns,,0,0,1,0,--------,,0:0,0:0,00010010:00010010
SUCCESS at 4200 ns,,1,0,0,0,00010011,,0:0,0:0,--------:00010011
SUCCESS at 4300 ns,,0,0,1,0,--------,,0:0,0:0,00010011:00010011
SUCCESS at 4400 ns,,1,0,0,0,00010100,,0:0,0:0,--------:00010100
SUCCESS at 4500 ns,,0,0,1,0,--------,,0:0,0:0,00010100:00010100
SUCCESS at 4600 ns,,1,0,0,0,00010101,,0:0,0:0,--------:00010101
SUCCESS at 4700 ns,,0,0,1,0,--------,,0:0,0:0,00010101:00010101
SUCCESS at 4800 ns,,1,0,0,0,00010110,,0:0,0:0,--------:00010110
SUCCESS at 4900 ns,,0,0,1,0,--------,,0:0,0:0,00010110:00010110
SUCCESS at 5000 ns,,1,0,0,0,00010111,,0:0,0:0,--------:00010111
SUCCESS at 5100 ns,,0,0,1,0,--------,,0:0,0:0,00010111:00010111
SUCCESS at 5200 ns,,1,0,0,0,00011000,,0:0,0:0,--------:00011000
SUCCESS at 5300 ns,,0,0,1,0,--------,,0:0,0:0,00011000:00011000
SUCCESS at 5400 ns,,1,0,0,0,00011001,,0:0,0:0,--------:00011001
SUCCESS at 5500 ns,,0,0,1,0,--------,,0:0,0:0,00011001:00011001
SUCCESS at 5600 ns,,1,0,0,0,00011010,,0:0,0:0,--------:00011010
SUCCESS at 5700 ns,,0,0,1,0,--------,,0:0,0:0,00011010:00011010
SUCCESS at 5800 ns,,1,0,0,0,00011011,,0:0,0:0,--------:00011011
SUCCESS at 5900 ns,,0,0,1,0,--------,,0:0,0:0,00011011:00011011
SUCCESS at 6000 ns,,1,0,0,0,00011100,,0:0,0:0,--------:00011100
SUCCESS at 6100 ns,,0,0,1,0,--------,,0:0,0:0,00011100:00011100
SUCCESS at 6200 ns,,1,0,0,0,00011101,,0:0,0:0,--------:00011101
SUCCESS at 6300 ns,,0,0,1,0,--------,,0:0,0:0,00011101:00011101
SUCCESS at 6400 ns,,1,0,0,0,00011110,,0:0,0:0,--------:00011110
SUCCESS at 6500 ns,,0,0,1,0,--------,,0:0,0:0,00011110:00011110
SUCCESS at 6600 ns,,1,0,0,0,00011111,,0:0,0:0,--------:00011111
SUCCESS at 6700 ns,,0,0,1,0,--------,,0:0,0:0,00011111:00011111
SUCCESS at 6800 ns,,1,0,0,0,00100000,,0:0,0:0,--------:00100000
SUCCESS at 6900 ns,,0,0,1,0,--------,,0:0,0:0,00100000:00100000
SUCCESS at 7000 ns,,1,0,0,0,00100001,,0:0,0:0,--------:00100001
SUCCESS at 7100 ns,,0,0,1,0,--------,,0:0,0:0,00100001:00100001
SUCCESS at 7200 ns,,1,0,0,0,00100010,,0:0,0:0,--------:00100010
SUCCESS at 7300 ns,,0,0,1,0,--------,,0:0,0:0,00100010:00100010
SUCCESS at 7400 ns,,1,0,0,0,00100011,,0:0,0:0,--------:00100011
SUCCESS at 7500 ns,,0,0,1,0,--------,,0:0,0:0,00100011:00100011
SUCCESS at 7600 ns,,1,0,0,0,00100100,,0:0,0:0,--------:00100100
SUCCESS at 7700 ns,,0,0,1,0,--------,,0:0,0:0,00100100:00100100
SUCCESS at 7800 ns,,1,0,0,0,00100101,,0:0,0:0,--------:00100101
SUCCESS at 7900 ns,,0,0,1,0,--------,,0:0,0:0,00100101:00100101
SUCCESS at 8000 ns,,1,0,0,0,00100110,,0:0,0:0,--------:00100110
SUCCESS at 8100 ns,,0,0,1,0,--------,,0:0,0:0,00100110:00100110
SUCCESS at 8200 ns,,1,0,0,0,00100111,,0:0,0:0,--------:00100111
SUCCESS at 8300 ns,,0,0,1,0,--------,,0:0,0:0,00100111:00100111
SUCCESS at 8400 ns,,1,0,0,0,00101000,,0:0,0:0,--------:00101000
SUCCESS at 8500 ns,,0,0,1,0,--------,,0:0,0:0,00101000:00101000
SUCCESS at 8600 ns,,1,0,0,0,00101001,,0:0,0:0,--------:00101001
SUCCESS at 8700 ns,,0,0,1,0,--------,,0:0,0:0,00101001:00101001
SUCCESS at 8800 ns,,1,0,0,0,00101010,,0:0,0:0,--------:00101010
SUCCESS at 8900 ns,,0,0,1,0,--------,,0:0,0:0,00101010:00101010
SUCCESS at 9000 ns,,1,0,0,0,00101011,,0:0,0:0,--------:00101011
SUCCESS at 9100 ns,,0,0,1,0,--------,,0:0,0:0,00101011:00101011
SUCCESS at 9200 ns,,1,0,0,0,00101100,,0:0,0:0,--------:00101100
SUCCESS at 9300 ns,,0,0,1,0,--------,,0:0,0:0,00101100:00101100
SUCCESS at 9400 ns,,1,0,0,0,00101101,,0:0,0:0,--------:00101101
SUCCESS at 9500 ns,,0,0,1,0,--------,,0:0,0:0,00101101:00101101
SUCCESS at 9600 ns,,1,0,0,0,00101110,,0:0,0:0,--------:00101110
SUCCESS at 9700 ns,,0,0,1,0,--------,,0:0,0:0,00101110:00101110
SUCCESS at 9800 ns,,1,0,0,0,00101111,,0:0,0:0,--------:00101111
SUCCESS at 9900 ns,,0,0,1,0,--------,,0:0,0:0,00101111:00101111
SUCCESS at 10000 ns,,1,0,0,0,00110000,,0:0,0:0,--------:00110000
SUCCESS at 10100 ns,,0,0,1,0,--------,,0:0,0:0,00110000:00110000
SUCCESS at 10200 ns,,1,0,0,0,00110001,,0:0,0:0,--------:00110001
SUCCESS at 10300 ns,,0,0,1,0,--------,,0:0,0:0,00110001:00110001
SUCCESS at 10400 ns,,1,0,0,0,00110010,,0:0,0:0,--------:00110010
SUCCESS at 10500 ns,,0,0,1,0,--------,,0:0,0:0,00110010:00110010
SUCCESS at 10600 ns,,1,0,0,0,00110011,,0:0,0:0,--------:00110011
SUCCESS at 10700 ns,,0,0,1,0,--------,,0:0,0:0,00110011:00110011
SUCCESS at 10800 ns,,1,0,0,0,00110100,,0:0,0:0,--------:00110100
SUCCESS at 10900 ns,,0,0,1,0,--------,,0:0,0:0,00110100:00110100
SUCCESS at 11000 ns,,1,0,0,0,00110101,,0:0,0:0,--------:00110101
SUCCESS at 11100 ns,,0,0,1,0,--------,,0:0,0:0,00110101:00110101
SUCCESS at 11200 ns,,1,0,0,0,00110110,,0:0,0:0,--------:00110110
SUCCESS at 11300 ns,,0,0,1,0,--------,,0:0,0:0,00110110:00110110
SUCCESS at 11400 ns,,1,0,0,0,00110111,,0:0,0:0,--------:00110111
SUCCESS at 11500 ns,,0,0,1,0,--------,,0:0,0:0,00110111:00110111
SUCCESS at 11600 ns,,1,0,0,0,00111000,,0:0,0:0,--------:00111000
SUCCESS at 11700 ns,,0,0,1,0,--------,,0:0,0:0,00111000:00111000
SUCCESS at 11800 ns,,1,0,0,0,00111001,,0:0,0:0,--------:00111001
SUCCESS at 11900 ns,,0,0,1,0,--------,,0:0,0:0,00111001:00111001
SUCCESS at 12000 ns,,1,0,0,0,00111010,,0:0,0:0,--------:00111010
SUCCESS at 12100 ns,,0,0,1,0,--------,,0:0,0:0,00111010:00111010
SUCCESS at 12200 ns,,1,0,0,0,00111011,,0:0,0:0,--------:00111011
SUCCESS at 12300 ns,,0,0,1,0,--------,,0:0,0:0,00111011:00111011
SUCCESS at 12400 ns,,1,0,0,0,00111100,,0:0,0:0,--------:00111100
SUCCESS at 12500 ns,,0,0,1,0,--------,,0:0,0:0,00111100:00111100
SUCCESS at 12600 ns,,1,0,0,0,00111101,,0:0,0:0,--------:00111101
SUCCESS at 12700 ns,,0,0,1,0,--------,,0:0,0:0,00111101:00111101
SUCCESS at 12800 ns,,1,0,0,0,00111110,,0:0,0:0,--------:00111110
SUCCESS at 12900 ns,,0,0,1,0,--------,,0:0,0:0,00111110:00111110
SUCCESS at 13000 ns,,1,0,0,0,00111111,,0:0,0:0,--------:00111111
SUCCESS at 13100 ns,,0,0,1,0,--------,,0:0,0:0,00111111:00111111
SUCCESS at 13200 ns,,1,0,0,0,01000000,,0:0,0:0,--------:01000000
SUCCESS at 13300 ns,,0,0,1,0,--------,,0:0,0:0,01000000:01000000
SUCCESS at 13400 ns,,1,0,0,0,01000001,,0:0,0:0,--------:01000001
SUCCESS at 13500 ns,,0,0,1,0,--------,,0:0,0:0,01000001:01000001
SUCCESS at 13600 ns,,1,0,0,0,01000010,,0:0,0:0,--------:01000010
SUCCESS at 13700 ns,,0,0,1,0,--------,,0:0,0:0,01000010:01000010
SUCCESS at 13800 ns,,1,0,0,0,01000011,,0:0,0:0,--------:01000011
SUCCESS at 13900 ns,,0,0,1,0,--------,,0:0,0:0,01000011:01000011
SUCCESS at 14000 ns,,1,0,0,0,01000100,,0:0,0:0,--------:01000100
SUCCESS at 14100 ns,,0,0,1,0,--------,,0:0,0:0,01000100:01000100
SUCCESS at 14200 ns,,1,0,0,0,01000101,,0:0,0:0,--------:01000101
SUCCESS at 14300 ns,,0,0,1,0,--------,,0:0,0:0,01000101:01000101
SUCCESS at 14400 ns,,1,0,0,0,01000110,,0:0,0:0,--------:01000110
SUCCESS at 14500 ns,,0,0,1,0,--------,,0:0,0:0,01000110:01000110
SUCCESS at 14600 ns,,1,0,0,0,01000111,,0:0,0:0,--------:01000111
SUCCESS at 14700 ns,,0,0,1,0,--------,,0:0,0:0,01000111:01000111
SUCCESS at 14800 ns,,1,0,0,0,01001000,,0:0,0:0,--------:01001000
SUCCESS at 14900 ns,,0,0,1,0,--------,,0:0,0:0,01001000:01001000
SUCCESS at 15000 ns,,1,0,0,0,01001001,,0:0,0:0,--------:01001001
SUCCESS at 15100 ns,,0,0,1,0,--------,,0:0,0:0,01001001:01001001
SUCCESS at 15200 ns,,1,0,0,0,01001010,,0:0,0:0,--------:01001010
SUCCESS at 15300 ns,,0,0,1,0,--------,,0:0,0:0,01001010:01001010
SUCCESS at 15400 ns,,1,0,0,0,01001011,,0:0,0:0,--------:01001011
SUCCESS at 15500 ns,,0,0,1,0,--------,,0:0,0:0,01001011:01001011
SUCCESS at 15600 ns,,1,0,0,0,01001100,,0:0,0:0,--------:01001100
SUCCESS at 15700 ns,,0,0,1,0,--------,,0:0,0:0,01001100:01001100
SUCCESS at 15800 ns,,1,0,0,0,01001101,,0:0,0:0,--------:01001101
SUCCESS at 15900 ns,,0,0,1,0,--------,,0:0,0:0,01001101:01001101
SUCCESS at 16000 ns,,1,0,0,0,01001110,,0:0,0:0,--------:01001110
SUCCESS at 16100 ns,,0,0,1,0,--------,,0:0,0:0,01001110:01001110
SUCCESS at 16200 ns,,1,0,0,0,01001111,,0:0,0:0,--------:01001111
SUCCESS at 16300 ns,,0,0,1,0,--------,,0:0,0:0,01001111:01001111
SUCCESS at 16400 ns,,1,0,0,0,01010000,,0:0,0:0,--------:01010000
SUCCESS at 16500 ns,,0,0,1,0,--------,,0:0,0:0,01010000:01010000
SUCCESS at 16600 ns,,1,0,0,0,01010001,,0:0,0:0,--------:01010001
SUCCESS at 16700 ns,,0,0,1,0,--------,,0:0,0:0,01010001:01010001
SUCCESS at 16800 ns,,1,0,0,0,01010010,,0:0,0:0,--------:01010010
SUCCESS at 16900 ns,,0,0,1,0,--------,,0:0,0:0,01010010:01010010
SUCCESS at 17000 ns,,1,0,0,0,01010011,,0:0,0:0,--------:01010011
SUCCESS at 17100 ns,,0,0,1,0,--------,,0:0,0:0,01010011:01010011
SUCCESS at 17200 ns,,1,0,0,0,01010100,,0:0,0:0,--------:01010100
SUCCESS at 17300 ns,,0,0,1,0,--------,,0:0,0:0,01010100:01010100
SUCCESS at 17400 ns,,1,0,0,0,01010101,,0:0,0:0,--------:01010101
SUCCESS at 17500 ns,,0,0,1,0,--------,,0:0,0:0,01010101:01010101
SUCCESS at 17600 ns,,1,0,0,0,01010110,,0:0,0:0,--------:01010110
SUCCESS at 17700 ns,,0,0,1,0,--------,,0:0,0:0,01010110:01010110
SUCCESS at 17800 ns,,1,0,0,0,01010111,,0:0,0:0,--------:01010111
SUCCESS at 17900 ns,,0,0,1,0,--------,,0:0,0:0,01010111:01010111
SUCCESS at 18000 ns,,1,0,0,0,01011000,,0:0,0:0,--------:01011000
SUCCESS at 18100 ns,,0,0,1,0,--------,,0:0,0:0,01011000:01011000
SUCCESS at 18200 ns,,1,0,0,0,01011001,,0:0,0:0,--------:01011001
SUCCESS at 18300 ns,,0,0,1,0,--------,,0:0,0:0,01011001:01011001
SUCCESS at 18400 ns,,1,0,0,0,01011010,,0:0,0:0,--------:01011010
SUCCESS at 18500 ns,,0,0,1,0,--------,,0:0,0:0,01011010:01011010
SUCCESS at 18600 ns,,1,0,0,0,01011011,,0:0,0:0,--------:01011011
SUCCESS at 18700 ns,,0,0,1,0,--------,,0:0,0:0,01011011:01011011
SUCCESS at 18800 ns,,1,0,0,0,01011100,,0:0,0:0,--------:01011100
SUCCESS at 18900 ns,,0,0,1,0,--------,,0:0,0:0,01011100:01011100
SUCCESS at 19000 ns,,1,0,0,0,01011101,,0:0,0:0,--------:01011101
SUCCESS at 19100 ns,,0,0,1,0,--------,,0:0,0:0,01011101:01011101
SUCCESS at 19200 ns,,1,0,0,0,01011110,,0:0,0:0,--------:01011110
SUCCESS at 19300 ns,,0,0,1,0,--------,,0:0,0:0,01011110:01011110
SUCCESS at 19400 ns,,1,0,0,0,01011111,,0:0,0:0,--------:01011111
SUCCESS at 19500 ns,,0,0,1,0,--------,,0:0,0:0,01011111:01011111
SUCCESS at 19600 ns,,1,0,0,0,01100000,,0:0,0:0,--------:01100000
SUCCESS at 19700 ns,,0,0,1,0,--------,,0:0,0:0,01100000:01100000
SUCCESS at 19800 ns,,1,0,0,0,01100001,,0:0,0:0,--------:01100001
SUCCESS at 19900 ns,,0,0,1,0,--------,,0:0,0:0,01100001:01100001
SUCCESS at 20000 ns,,1,0,0,0,01100010,,0:0,0:0,--------:01100010
SUCCESS at 20100 ns,,0,0,1,0,--------,,0:0,0:0,01100010:01100010
SUCCESS at 20200 ns,,1,0,0,0,01100011,,0:0,0:0,--------:01100011
SUCCESS at 20300 ns,,0,0,1,0,--------,,0:0,0:0,01100011:01100011
SUCCESS at 20400 ns,,1,0,0,0,01100100,,0:0,0:0,--------:01100100
SUCCESS at 20500 ns,,0,0,1,0,--------,,0:0,0:0,01100100:01100100
SUCCESS at 20600 ns,,1,0,0,0,01100101,,0:0,0:0,--------:01100101
SUCCESS at 20700 ns,,0,0,1,0,--------,,0:0,0:0,01100101:01100101
SUCCESS at 20800 ns,,1,0,0,0,01100110,,0:0,0:0,--------:01100110
SUCCESS at 20900 ns,,0,0,1,0,--------,,0:0,0:0,01100110:01100110
SUCCESS at 21000 ns,,1,0,0,0,01100111,,0:0,0:0,--------:01100111
SUCCESS at 21100 ns,,0,0,1,0,--------,,0:0,0:0,01100111:01100111
SUCCESS at 21200 ns,,1,0,0,0,01101000,,0:0,0:0,--------:01101000
SUCCESS at 21300 ns,,0,0,1,0,--------,,0:0,0:0,01101000:01101000
SUCCESS at 21400 ns,,1,0,0,0,01101001,,0:0,0:0,--------:01101001
SUCCESS at 21500 ns,,0,0,1,0,--------,,0:0,0:0,01101001:01101001
SUCCESS at 21600 ns,,1,0,0,0,01101010,,0:0,0:0,--------:01101010
SUCCESS at 21700 ns,,0,0,1,0,--------,,0:0,0:0,01101010:01101010
SUCCESS at 21800 ns,,1,0,0,0,01101011,,0:0,0:0,--------:01101011
SUCCESS at 21900 ns,,0,0,1,0,--------,,0:0,0:0,01101011:01101011
SUCCESS at 22000 ns,,1,0,0,0,01101100,,0:0,0:0,--------:01101100
SUCCESS at 22100 ns,,0,0,1,0,--------,,0:0,0:0,01101100:01101100
SUCCESS at 22200 ns,,1,0,0,0,01101101,,0:0,0:0,--------:01101101
SUCCESS at 22300 ns,,0,0,1,0,--------,,0:0,0:0,01101101:01101101
SUCCESS at 22400 ns,,1,0,0,0,01101110,,0:0,0:0,--------:01101110
SUCCESS at 22500 ns,,0,0,1,0,--------,,0:0,0:0,01101110:01101110
SUCCESS at 22600 ns,,1,0,0,0,01101111,,0:0,0:0,--------:01101111
SUCCESS at 22700 ns,,0,0,1,0,--------,,0:0,0:0,01101111:01101111
SUCCESS at 22800 ns,,1,0,0,0,01110000,,0:0,0:0,--------:01110000
SUCCESS at 22900 ns,,0,0,1,0,--------,,0:0,0:0,01110000:01110000
SUCCESS at 23000 ns,,1,0,0,0,01110001,,0:0,0:0,--------:01110001
SUCCESS at 23100 ns,,0,0,1,0,--------,,0:0,0:0,01110001:01110001
SUCCESS at 23200 ns,,1,0,0,0,01110010,,0:0,0:0,--------:01110010
SUCCESS at 23300 ns,,0,0,1,0,--------,,0:0,0:0,01110010:01110010
SUCCESS at 23400 ns,,1,0,0,0,01110011,,0:0,0:0,--------:01110011
SUCCESS at 23500 ns,,0,0,1,0,--------,,0:0,0:0,01110011:01110011
SUCCESS at 23600 ns,,1,0,0,0,01110100,,0:0,0:0,--------:01110100
SUCCESS at 23700 ns,,0,0,1,0,--------,,0:0,0:0,01110100:01110100
SUCCESS at 23800 ns,,1,0,0,0,01110101,,0:0,0:0,--------:01110101
SUCCESS at 23900 ns,,0,0,1,0,--------,,0:0,0:0,01110101:01110101
SUCCESS at 24000 ns,,1,0,0,0,01110110,,0:0,0:0,--------:01110110
SUCCESS at 24100 ns,,0,0,1,0,--------,,0:0,0:0,01110110:01110110
SUCCESS at 24200 ns,,1,0,0,0,01110111,,0:0,0:0,--------:01110111
SUCCESS at 24300 ns,,0,0,1,0,--------,,0:0,0:0,01110111:01110111
SUCCESS at 24400 ns,,1,0,0,0,01111000,,0:0,0:0,--------:01111000
SUCCESS at 24500 ns,,0,0,1,0,--------,,0:0,0:0,01111000:01111000
SUCCESS at 24600 ns,,1,0,0,0,01111001,,0:0,0:0,--------:01111001
SUCCESS at 24700 ns,,0,0,1,0,--------,,0:0,0:0,01111001:01111001
SUCCESS at 24800 ns,,1,0,0,0,01111010,,0:0,0:0,--------:01111010
SUCCESS at 24900 ns,,0,0,1,0,--------,,0:0,0:0,01111010:01111010
SUCCESS at 25000 ns,,1,0,0,0,01111011,,0:0,0:0,--------:01111011
SUCCESS at 25100 ns,,0,0,1,0,--------,,0:0,0:0,01111011:01111011
SUCCESS at 25200 ns,,1,0,0,0,01111100,,0:0,0:0,--------:01111100
SUCCESS at 25300 ns,,0,0,1,0,--------,,0:0,0:0,01111100:01111100
SUCCESS at 25400 ns,,1,0,0,0,01111101,,0:0,0:0,--------:01111101
SUCCESS at 25500 ns,,0,0,1,0,--------,,0:0,0:0,01111101:01111101
SUCCESS at 25600 ns,,1,0,0,0,01111110,,0:0,0:0,--------:01111110
SUCCESS at 25700 ns,,0,0,1,0,--------,,0:0,0:0,01111110:01111110
SUCCESS at 25800 ns,,1,0,0,0,01111111,,0:0,0:0,--------:01111111
SUCCESS at 25900 ns,,0,0,1,0,--------,,0:0,0:0,01111111:01111111
SUCCESS at 26000 ns,,1,0,0,0,10000000,,0:0,0:0,--------:10000000
SUCCESS at 26100 ns,,0,0,1,0,--------,,0:0,0:0,10000000:10000000
SUCCESS at 26200 ns,,1,0,0,0,10000001,,0:0,0:0,--------:10000001
SUCCESS at 26300 ns,,0,0,1,0,--------,,0:0,0:0,10000001:10000001
SUCCESS at 26400 ns,,1,0,0,0,10000010,,0:0,0:0,--------:10000010
SUCCESS at 26500 ns,,0,0,1,0,--------,,0:0,0:0,10000010:10000010
SUCCESS at 26600 ns,,1,0,0,0,10000011,,0:0,0:0,--------:10000011
SUCCESS at 26700 ns,,0,0,1,0,--------,,0:0,0:0,10000011:10000011
SUCCESS at 26800 ns,,1,0,0,0,10000100,,0:0,0:0,--------:10000100
SUCCESS at 26900 ns,,0,0,1,0,--------,,0:0,0:0,10000100:10000100
SUCCESS at 27000 ns,,1,0,0,0,10000101,,0:0,0:0,--------:10000101
SUCCESS at 27100 ns,,0,0,1,0,--------,,0:0,0:0,10000101:10000101
SUCCESS at 27200 ns,,1,0,0,0,10000110,,0:0,0:0,--------:10000110
SUCCESS at 27300 ns,,0,0,1,0,--------,,0:0,0:0,10000110:10000110
SUCCESS at 27400 ns,,1,0,0,0,10000111,,0:0,0:0,--------:10000111
SUCCESS at 27500 ns,,0,0,1,0,--------,,0:0,0:0,10000111:10000111
SUCCESS at 27600 ns,,1,0,0,0,10001000,,0:0,0:0,--------:10001000
SUCCESS at 27700 ns,,0,0,1,0,--------,,0:0,0:0,10001000:10001000
SUCCESS at 27800 ns,,1,0,0,0,10001001,,0:0,0:0,--------:10001001
SUCCESS at 27900 ns,,0,0,1,0,--------,,0:0,0:0,10001001:10001001
SUCCESS at 28000 ns,,1,0,0,0,10001010,,0:0,0:0,--------:10001010
SUCCESS at 28100 ns,,0,0,1,0,--------,,0:0,0:0,10001010:10001010
SUCCESS at 28200 ns,,1,0,0,0,10001011,,0:0,0:0,--------:10001011
SUCCESS at 28300 ns,,0,0,1,0,--------,,0:0,0:0,10001011:10001011
SUCCESS at 28400 ns,,1,0,0,0,10001100,,0:0,0:0,--------:10001100
SUCCESS at 28500 ns,,0,0,1,0,--------,,0:0,0:0,10001100:10001100
SUCCESS at 28600 ns,,1,0,0,0,10001101,,0:0,0:0,--------:10001101
SUCCESS at 28700 ns,,0,0,1,0,--------,,0:0,0:0,10001101:10001101
SUCCESS at 28800 ns,,1,0,0,0,10001110,,0:0,0:0,--------:10001110
SUCCESS at 28900 ns,,0,0,1,0,--------,,0:0,0:0,10001110:10001110
SUCCESS at 29000 ns,,1,0,0,0,10001111,,0:0,0:0,--------:10001111
SUCCESS at 29100 ns,,0,0,1,0,--------,,0:0,0:0,10001111:10001111
SUCCESS at 29200 ns,,1,0,0,0,10010000,,0:0,0:0,--------:10010000
SUCCESS at 29300 ns,,0,0,1,0,--------,,0:0,0:0,10010000:10010000
SUCCESS at 29400 ns,,1,0,0,0,10010001,,0:0,0:0,--------:10010001
SUCCESS at 29500 ns,,0,0,1,0,--------,,0:0,0:0,10010001:10010001
SUCCESS at 29600 ns,,1,0,0,0,10010010,,0:0,0:0,--------:10010010
SUCCESS at 29700 ns,,0,0,1,0,--------,,0:0,0:0,10010010:10010010
SUCCESS at 29800 ns,,1,0,0,0,10010011,,0:0,0:0,--------:10010011
SUCCESS at 29900 ns,,0,0,1,0,--------,,0:0,0:0,10010011:10010011
SUCCESS at 30000 ns,,1,0,0,0,10010100,,0:0,0:0,--------:10010100
SUCCESS at 30100 ns,,0,0,1,0,--------,,0:0,0:0,10010100:10010100
SUCCESS at 30200 ns,,1,0,0,0,10010101,,0:0,0:0,--------:10010101
SUCCESS at 30300 ns,,0,0,1,0,--------,,0:0,0:0,10010101:10010101
SUCCESS at 30400 ns,,1,0,0,0,10010110,,0:0,0:0,--------:10010110
SUCCESS at 30500 ns,,0,0,1,0,--------,,0:0,0:0,10010110:10010110
SUCCESS at 30600 ns,,1,0,0,0,10010111,,0:0,0:0,--------:10010111
SUCCESS at 30700 ns,,0,0,1,0,--------,,0:0,0:0,10010111:10010111
SUCCESS at 30800 ns,,1,0,0,0,10011000,,0:0,0:0,--------:10011000
SUCCESS at 30900 ns,,0,0,1,0,--------,,0:0,0:0,10011000:10011000
SUCCESS at 31000 ns,,1,0,0,0,10011001,,0:0,0:0,--------:10011001
SUCCESS at 31100 ns,,0,0,1,0,--------,,0:0,0:0,10011001:10011001
SUCCESS at 31200 ns,,1,0,0,0,10011010,,0:0,0:0,--------:10011010
SUCCESS at 31300 ns,,0,0,1,0,--------,,0:0,0:0,10011010:10011010
SUCCESS at 31400 ns,,1,0,0,0,10011011,,0:0,0:0,--------:10011011
SUCCESS at 31500 ns,,0,0,1,0,--------,,0:0,0:0,10011011:10011011
SUCCESS at 31600 ns,,1,0,0,0,10011100,,0:0,0:0,--------:10011100
SUCCESS at 31700 ns,,0,0,1,0,--------,,0:0,0:0,10011100:10011100
SUCCESS at 31800 ns,,1,0,0,0,10011101,,0:0,0:0,--------:10011101
SUCCESS at 31900 ns,,0,0,1,0,--------,,0:0,0:0,10011101:10011101
SUCCESS at 32000 ns,,1,0,0,0,10011110,,0:0,0:0,--------:10011110
SUCCESS at 32100 ns,,0,0,1,0,--------,,0:0,0:0,10011110:10011110
SUCCESS at 32200 ns,,1,0,0,0,10011111,,0:0,0:0,--------:10011111
SUCCESS at 32300 ns,,0,0,1,0,--------,,0:0,0:0,10011111:10011111
SUCCESS at 32400 ns,,1,0,0,0,10100000,,0:0,0:0,--------:10100000
SUCCESS at 32500 ns,,0,0,1,0,--------,,0:0,0:0,10100000:10100000
SUCCESS at 32600 ns,,1,0,0,0,10100001,,0:0,0:0,--------:10100001
SUCCESS at 32700 ns,,0,0,1,0,--------,,0:0,0:0,10100001:10100001
SUCCESS at 32800 ns,,1,0,0,0,10100010,,0:0,0:0,--------:10100010
SUCCESS at 32900 ns,,0,0,1,0,--------,,0:0,0:0,10100010:10100010
SUCCESS at 33000 ns,,1,0,0,0,10100011,,0:0,0:0,--------:10100011
SUCCESS at 33100 ns,,0,0,1,0,--------,,0:0,0:0,10100011:10100011
SUCCESS at 33200 ns,,1,0,0,0,10100100,,0:0,0:0,--------:10100100
SUCCESS at 33300 ns,,0,0,1,0,--------,,0:0,0:0,10100100:10100100
SUCCESS at 33400 ns,,1,0,0,0,10100101,,0:0,0:0,--------:10100101
SUCCESS at 33500 ns,,0,0,1,0,--------,,0:0,0:0,10100101:10100101
SUCCESS at 33600 ns,,1,0,0,0,10100110,,0:0,0:0,--------:10100110
SUCCESS at 33700 ns,,0,0,1,0,--------,,0:0,0:0,10100110:10100110
SUCCESS at 33800 ns,,1,0,0,0,10100111,,0:0,0:0,--------:10100111
SUCCESS at 33900 ns,,0,0,1,0,--------,,0:0,0:0,10100111:10100111
SUCCESS at 34000 ns,,1,0,0,0,10101000,,0:0,0:0,--------:10101000
SUCCESS at 34100 ns,,0,0,1,0,--------,,0:0,0:0,10101000:10101000
SUCCESS at 34200 ns,,1,0,0,0,10101001,,0:0,0:0,--------:10101001
SUCCESS at 34300 ns,,0,0,1,0,--------,,0:0,0:0,10101001:10101001
SUCCESS at 34400 ns,,1,0,0,0,10101010,,0:0,0:0,--------:10101010
SUCCESS at 34500 ns,,0,0,1,0,--------,,0:0,0:0,10101010:10101010
SUCCESS at 34600 ns,,1,0,0,0,10101011,,0:0,0:0,--------:10101011
SUCCESS at 34700 ns,,0,0,1,0,--------,,0:0,0:0,10101011:10101011
SUCCESS at 34800 ns,,1,0,0,0,10101100,,0:0,0:0,--------:10101100
SUCCESS at 34900 ns,,0,0,1,0,--------,,0:0,0:0,10101100:10101100
SUCCESS at 35000 ns,,1,0,0,0,10101101,,0:0,0:0,--------:10101101
SUCCESS at 35100 ns,,0,0,1,0,--------,,0:0,0:0,10101101:10101101
SUCCESS at 35200 ns,,1,0,0,0,10101110,,0:0,0:0,--------:10101110
SUCCESS at 35300 ns,,0,0,1,0,--------,,0:0,0:0,10101110:10101110
SUCCESS at 35400 ns,,1,0,0,0,10101111,,0:0,0:0,--------:10101111
SUCCESS at 35500 ns,,0,0,1,0,--------,,0:0,0:0,10101111:10101111
SUCCESS at 35600 ns,,1,0,0,0,10110000,,0:0,0:0,--------:10110000
SUCCESS at 35700 ns,,0,0,1,0,--------,,0:0,0:0,10110000:10110000
SUCCESS at 35800 ns,,1,0,0,0,10110001,,0:0,0:0,--------:10110001
SUCCESS at 35900 ns,,0,0,1,0,--------,,0:0,0:0,10110001:10110001
SUCCESS at 36000 ns,,1,0,0,0,10110010,,0:0,0:0,--------:10110010
SUCCESS at 36100 ns,,0,0,1,0,--------,,0:0,0:0,10110010:10110010
SUCCESS at 36200 ns,,1,0,0,0,10110011,,0:0,0:0,--------:10110011
SUCCESS at 36300 ns,,0,0,1,0,--------,,0:0,0:0,10110011:10110011
SUCCESS at 36400 ns,,1,0,0,0,10110100,,0:0,0:0,--------:10110100
SUCCESS at 36500 ns,,0,0,1,0,--------,,0:0,0:0,10110100:10110100
SUCCESS at 36600 ns,,1,0,0,0,10110101,,0:0,0:0,--------:10110101
SUCCESS at 36700 ns,,0,0,1,0,--------,,0:0,0:0,10110101:10110101
SUCCESS at 36800 ns,,1,0,0,0,10110110,,0:0,0:0,--------:10110110
SUCCESS at 36900 ns,,0,0,1,0,--------,,0:0,0:0,10110110:10110110
SUCCESS at 37000 ns,,1,0,0,0,10110111,,0:0,0:0,--------:10110111
SUCCESS at 37100 ns,,0,0,1,0,--------,,0:0,0:0,10110111:10110111
SUCCESS at 37200 ns,,1,0,0,0,10111000,,0:0,0:0,--------:10111000
SUCCESS at 37300 ns,,0,0,1,0,--------,,0:0,0:0,10111000:10111000
SUCCESS at 37400 ns,,1,0,0,0,10111001,,0:0,0:0,--------:10111001
SUCCESS at 37500 ns,,0,0,1,0,--------,,0:0,0:0,10111001:10111001
SUCCESS at 37600 ns,,1,0,0,0,10111010,,0:0,0:0,--------:10111010
SUCCESS at 37700 ns,,0,0,1,0,--------,,0:0,0:0,10111010:10111010
SUCCESS at 37800 ns,,1,0,0,0,10111011,,0:0,0:0,--------:10111011
SUCCESS at 37900 ns,,0,0,1,0,--------,,0:0,0:0,10111011:10111011
SUCCESS at 38000 ns,,1,0,0,0,10111100,,0:0,0:0,--------:10111100
SUCCESS at 38100 ns,,0,0,1,0,--------,,0:0,0:0,10111100:10111100
SUCCESS at 38200 ns,,1,0,0,0,10111101,,0:0,0:0,--------:10111101
SUCCESS at 38300 ns,,0,0,1,0,--------,,0:0,0:0,10111101:10111101
SUCCESS at 38400 ns,,1,0,0,0,10111110,,0:0,0:0,--------:10111110
SUCCESS at 38500 ns,,0,0,1,0,--------,,0:0,0:0,10111110:10111110
SUCCESS at 38600 ns,,1,0,0,0,10111111,,0:0,0:0,--------:10111111
SUCCESS at 38700 ns,,0,0,1,0,--------,,0:0,0:0,10111111:10111111
SUCCESS at 38800 ns,,1,0,0,0,11000000,,0:0,0:0,--------:11000000
SUCCESS at 38900 ns,,0,0,1,0,--------,,0:0,0:0,11000000:11000000
SUCCESS at 39000 ns,,1,0,0,0,11000001,,0:0,0:0,--------:11000001
SUCCESS at 39100 ns,,0,0,1,0,--------,,0:0,0:0,11000001:11000001
SUCCESS at 39200 ns,,1,0,0,0,11000010,,0:0,0:0,--------:11000010
SUCCESS at 39300 ns,,0,0,1,0,--------,,0:0,0:0,11000010:11000010
SUCCESS at 39400 ns,,1,0,0,0,11000011,,0:0,0:0,--------:11000011
SUCCESS at 39500 ns,,0,0,1,0,--------,,0:0,0:0,11000011:11000011
SUCCESS at 39600 ns,,1,0,0,0,11000100,,0:0,0:0,--------:11000100
SUCCESS at 39700 ns,,0,0,1,0,--------,,0:0,0:0,11000100:11000100
SUCCESS at 39800 ns,,1,0,0,0,11000101,,0:0,0:0,--------:11000101
SUCCESS at 39900 ns,,0,0,1,0,--------,,0:0,0:0,11000101:11000101
SUCCESS at 40000 ns,,1,0,0,0,11000110,,0:0,0:0,--------:11000110
SUCCESS at 40100 ns,,0,0,1,0,--------,,0:0,0:0,11000110:11000110
SUCCESS at 40200 ns,,1,0,0,0,11000111,,0:0,0:0,--------:11000111
SUCCESS at 40300 ns,,0,0,1,0,--------,,0:0,0:0,11000111:11000111
SUCCESS at 40400 ns,,1,0,0,0,11001000,,0:0,0:0,--------:11001000
SUCCESS at 40500 ns,,0,0,1,0,--------,,0:0,0:0,11001000:11001000
SUCCESS at 40600 ns,,1,0,0,0,11001001,,0:0,0:0,--------:11001001
SUCCESS at 40700 ns,,0,0,1,0,--------,,0:0,0:0,11001001:11001001
SUCCESS at 40800 ns,,1,0,0,0,11001010,,0:0,0:0,--------:11001010
SUCCESS at 40900 ns,,0,0,1,0,--------,,0:0,0:0,11001010:11001010
SUCCESS at 41000 ns,,1,0,0,0,11001011,,0:0,0:0,--------:11001011
SUCCESS at 41100 ns,,0,0,1,0,--------,,0:0,0:0,11001011:11001011
SUCCESS at 41200 ns,,1,0,0,0,11001100,,0:0,0:0,--------:11001100
SUCCESS at 41300 ns,,0,0,1,0,--------,,0:0,0:0,11001100:11001100
SUCCESS at 41400 ns,,1,0,0,0,11001101,,0:0,0:0,--------:11001101
SUCCESS at 41500 ns,,0,0,1,0,--------,,0:0,0:0,11001101:11001101
SUCCESS at 41600 ns,,1,0,0,0,11001110,,0:0,0:0,--------:11001110
SUCCESS at 41700 ns,,0,0,1,0,--------,,0:0,0:0,11001110:11001110
SUCCESS at 41800 ns,,1,0,0,0,11001111,,0:0,0:0,--------:11001111
SUCCESS at 41900 ns,,0,0,1,0,--------,,0:0,0:0,11001111:11001111
SUCCESS at 42000 ns,,1,0,0,0,11010000,,0:0,0:0,--------:11010000
SUCCESS at 42100 ns,,0,0,1,0,--------,,0:0,0:0,11010000:11010000
SUCCESS at 42200 ns,,1,0,0,0,11010001,,0:0,0:0,--------:11010001
SUCCESS at 42300 ns,,0,0,1,0,--------,,0:0,0:0,11010001:11010001
SUCCESS at 42400 ns,,1,0,0,0,11010010,,0:0,0:0,--------:11010010
SUCCESS at 42500 ns,,0,0,1,0,--------,,0:0,0:0,11010010:11010010
SUCCESS at 42600 ns,,1,0,0,0,11010011,,0:0,0:0,--------:11010011
SUCCESS at 42700 ns,,0,0,1,0,--------,,0:0,0:0,11010011:11010011
SUCCESS at 42800 ns,,1,0,0,0,11010100,,0:0,0:0,--------:11010100
SUCCESS at 42900 ns,,0,0,1,0,--------,,0:0,0:0,11010100:11010100
SUCCESS at 43000 ns,,1,0,0,0,11010101,,0:0,0:0,--------:11010101
SUCCESS at 43100 ns,,0,0,1,0,--------,,0:0,0:0,11010101:11010101
SUCCESS at 43200 ns,,1,0,0,0,11010110,,0:0,0:0,--------:11010110
SUCCESS at 43300 ns,,0,0,1,0,--------,,0:0,0:0,11010110:11010110
SUCCESS at 43400 ns,,1,0,0,0,11010111,,0:0,0:0,--------:11010111
SUCCESS at 43500 ns,,0,0,1,0,--------,,0:0,0:0,11010111:11010111
SUCCESS at 43600 ns,,1,0,0,0,11011000,,0:0,0:0,--------:11011000
SUCCESS at 43700 ns,,0,0,1,0,--------,,0:0,0:0,11011000:11011000
SUCCESS at 43800 ns,,1,0,0,0,11011001,,0:0,0:0,--------:11011001
SUCCESS at 43900 ns,,0,0,1,0,--------,,0:0,0:0,11011001:11011001
SUCCESS at 44000 ns,,1,0,0,0,11011010,,0:0,0:0,--------:11011010
SUCCESS at 44100 ns,,0,0,1,0,--------,,0:0,0:0,11011010:11011010
SUCCESS at 44200 ns,,1,0,0,0,11011011,,0:0,0:0,--------:11011011
SUCCESS at 44300 ns,,0,0,1,0,--------,,0:0,0:0,11011011:11011011
SUCCESS at 44400 ns,,1,0,0,0,11011100,,0:0,0:0,--------:11011100
SUCCESS at 44500 ns,,0,0,1,0,--------,,0:0,0:0,11011100:11011100
SUCCESS at 44600 ns,,1,0,0,0,11011101,,0:0,0:0,--------:11011101
SUCCESS at 44700 ns,,0,0,1,0,--------,,0:0,0:0,11011101:11011101
SUCCESS at 44800 ns,,1,0,0,0,11011110,,0:0,0:0,--------:11011110
SUCCESS at 44900 ns,,0,0,1,0,--------,,0:0,0:0,11011110:11011110
SUCCESS at 45000 ns,,1,0,0,0,11011111,,0:0,0:0,--------:11011111
SUCCESS at 45100 ns,,0,0,1,0,--------,,0:0,0:0,11011111:11011111
SUCCESS at 45200 ns,,1,0,0,0,11100000,,0:0,0:0,--------:11100000
SUCCESS at 45300 ns,,0,0,1,0,--------,,0:0,0:0,11100000:11100000
SUCCESS at 45400 ns,,1,0,0,0,11100001,,0:0,0:0,--------:11100001
SUCCESS at 45500 ns,,0,0,1,0,--------,,0:0,0:0,11100001:11100001
SUCCESS at 45600 ns,,1,0,0,0,11100010,,0:0,0:0,--------:11100010
SUCCESS at 45700 ns,,0,0,1,0,--------,,0:0,0:0,11100010:11100010
SUCCESS at 45800 ns,,1,0,0,0,11100011,,0:0,0:0,--------:11100011
SUCCESS at 45900 ns,,0,0,1,0,--------,,0:0,0:0,11100011:11100011
SUCCESS at 46000 ns,,1,0,0,0,11100100,,0:0,0:0,--------:11100100
SUCCESS at 46100 ns,,0,0,1,0,--------,,0:0,0:0,11100100:11100100
SUCCESS at 46200 ns,,1,0,0,0,11100101,,0:0,0:0,--------:11100101
SUCCESS at 46300 ns,,0,0,1,0,--------,,0:0,0:0,11100101:11100101
SUCCESS at 46400 ns,,1,0,0,0,11100110,,0:0,0:0,--------:11100110
SUCCESS at 46500 ns,,0,0,1,0,--------,,0:0,0:0,11100110:11100110
SUCCESS at 46600 ns,,1,0,0,0,11100111,,0:0,0:0,--------:11100111
SUCCESS at 46700 ns,,0,0,1,0,--------,,0:0,0:0,11100111:11100111
SUCCESS at 46800 ns,,1,0,0,0,11101000,,0:0,0:0,--------:11101000
SUCCESS at 46900 ns,,0,0,1,0,--------,,0:0,0:0,11101000:11101000
SUCCESS at 47000 ns,,1,0,0,0,11101001,,0:0,0:0,--------:11101001
SUCCESS at 47100 ns,,0,0,1,0,--------,,0:0,0:0,11101001:11101001
SUCCESS at 47200 ns,,1,0,0,0,11101010,,0:0,0:0,--------:11101010
SUCCESS at 47300 ns,,0,0,1,0,--------,,0:0,0:0,11101010:11101010
SUCCESS at 47400 ns,,1,0,0,0,11101011,,0:0,0:0,--------:11101011
SUCCESS at 47500 ns,,0,0,1,0,--------,,0:0,0:0,11101011:11101011
SUCCESS at 47600 ns,,1,0,0,0,11101100,,0:0,0:0,--------:11101100
SUCCESS at 47700 ns,,0,0,1,0,--------,,0:0,0:0,11101100:11101100
SUCCESS at 47800 ns,,1,0,0,0,11101101,,0:0,0:0,--------:11101101
SUCCESS at 47900 ns,,0,0,1,0,--------,,0:0,0:0,11101101:11101101
SUCCESS at 48000 ns,,1,0,0,0,11101110,,0:0,0:0,--------:11101110
SUCCESS at 48100 ns,,0,0,1,0,--------,,0:0,0:0,11101110:11101110
SUCCESS at 48200 ns,,1,0,0,0,11101111,,0:0,0:0,--------:11101111
SUCCESS at 48300 ns,,0,0,1,0,--------,,0:0,0:0,11101111:11101111
SUCCESS at 48400 ns,,1,0,0,0,11110000,,0:0,0:0,--------:11110000
SUCCESS at 48500 ns,,0,0,1,0,--------,,0:0,0:0,11110000:11110000
SUCCESS at 48600 ns,,1,0,0,0,11110001,,0:0,0:0,--------:11110001
SUCCESS at 48700 ns,,0,0,1,0,--------,,0:0,0:0,11110001:11110001
SUCCESS at 48800 ns,,1,0,0,0,11110010,,0:0,0:0,--------:11110010
SUCCESS at 48900 ns,,0,0,1,0,--------,,0:0,0:0,11110010:11110010
SUCCESS at 49000 ns,,1,0,0,0,11110011,,0:0,0:0,--------:11110011
SUCCESS at 49100 ns,,0,0,1,0,--------,,0:0,0:0,11110011:11110011
SUCCESS at 49200 ns,,1,0,0,0,11110100,,0:0,0:0,--------:11110100
SUCCESS at 49300 ns,,0,0,1,0,--------,,0:0,0:0,11110100:11110100
SUCCESS at 49400 ns,,1,0,0,0,11110101,,0:0,0:0,--------:11110101
SUCCESS at 49500 ns,,0,0,1,0,--------,,0:0,0:0,11110101:11110101
SUCCESS at 49600 ns,,1,0,0,0,11110110,,0:0,0:0,--------:11110110
SUCCESS at 49700 ns,,0,0,1,0,--------,,0:0,0:0,11110110:11110110
SUCCESS at 49800 ns,,1,0,0,0,11110111,,0:0,0:0,--------:11110111
SUCCESS at 49900 ns,,0,0,1,0,--------,,0:0,0:0,11110111:11110111
SUCCESS at 50000 ns,,1,0,0,0,11111000,,0:0,0:0,--------:11111000
SUCCESS at 50100 ns,,0,0,1,0,--------,,0:0,0:0,11111000:11111000
SUCCESS at 50200 ns,,1,0,0,0,11111001,,0:0,0:0,--------:11111001
SUCCESS at 50300 ns,,0,0,1,0,--------,,0:0,0:0,11111001:11111001
SUCCESS at 50400 ns,,1,0,0,0,11111010,,0:0,0:0,--------:11111010
SUCCESS at 50500 ns,,0,0,1,0,--------,,0:0,0:0,11111010:11111010
SUCCESS at 50600 ns,,1,0,0,0,11111011,,0:0,0:0,--------:11111011
SUCCESS at 50700 ns,,0,0,1,0,--------,,0:0,0:0,11111011:11111011
SUCCESS at 50800 ns,,1,0,0,0,11111100,,0:0,0:0,--------:11111100
SUCCESS at 50900 ns,,0,0,1,0,--------,,0:0,0:0,11111100:11111100
SUCCESS at 51000 ns,,1,0,0,0,11111101,,0:0,0:0,--------:11111101
SUCCESS at 51100 ns,,0,0,1,0,--------,,0:0,0:0,11111101:11111101
SUCCESS at 51200 ns,,1,0,0,0,11111110,,0:0,0:0,--------:11111110
SUCCESS at 51300 ns,,0,0,1,0,--------,,0:0,0:0,11111110:11111110
SUCCESS at 51400 ns,,1,0,0,0,11111111,,1:1,0:0,--------:11111111
SUCCESS at 51500 ns,,0,0,1,0,--------,,1:1,0:0,11111111:11111111
SUCCESS at 51600 ns,,0,0,0,0,--------,,1:1,0:0,--------:11111111
SUCCESS at 51700 ns,,1,0,0,0,00100000,,1:1,0:0,--------:11111111
SUCCESS at 51800 ns,,0,0,1,0,--------,,1:1,0:0,11111111:11111111
SUCCESS at 51900 ns,,0,1,0,0,--------,,0:0,0:0,11111111:11111111
SUCCESS at 52000 ns,,0,1,0,0,--------,,0:0,0:0,11111110:11111110
SUCCESS at 52100 ns,,0,1,0,0,--------,,0:0,0:0,11111101:11111101
SUCCESS at 52200 ns,,0,1,0,0,--------,,0:0,0:0,11111100:11111100
SUCCESS at 52300 ns,,0,1,0,0,--------,,0:0,0:0,11111011:11111011
SUCCESS at 52400 ns,,0,1,0,0,--------,,0:0,0:0,11111010:11111010
SUCCESS at 52500 ns,,0,1,0,0,--------,,0:0,0:0,11111001:11111001
SUCCESS at 52600 ns,,0,1,0,0,--------,,0:0,0:0,11111000:11111000
SUCCESS at 52700 ns,,0,1,0,0,--------,,0:0,0:0,11110111:11110111
SUCCESS at 52800 ns,,0,1,0,0,--------,,0:0,0:0,11110110:11110110
SUCCESS at 52900 ns,,0,1,0,0,--------,,0:0,0:0,11110101:11110101
SUCCESS at 53000 ns,,0,1,0,0,--------,,0:0,0:0,11110100:11110100
SUCCESS at 53100 ns,,0,1,0,0,--------,,0:0,0:0,11110011:11110011
SUCCESS at 53200 ns,,0,1,0,0,--------,,0:0,0:0,11110010:11110010
SUCCESS at 53300 ns,,0,1,0,0,--------,,0:0,0:0,11110001:11110001
SUCCESS at 53400 ns,,0,1,0,0,--------,,0:0,0:0,11110000:11110000
SUCCESS at 53500 ns,,0,1,0,0,--------,,0:0,0:0,11101111:11101111
SUCCESS at 53600 ns,,0,1,0,0,--------,,0:0,0:0,11101110:11101110
SUCCESS at 53700 ns,,0,1,0,0,--------,,0:0,0:0,11101101:11101101
SUCCESS at 53800 ns,,0,1,0,0,--------,,0:0,0:0,11101100:11101100
SUCCESS at 53900 ns,,0,1,0,0,--------,,0:0,0:0,11101011:11101011
SUCCESS at 54000 ns,,0,1,0,0,--------,,0:0,0:0,11101010:11101010
SUCCESS at 54100 ns,,0,1,0,0,--------,,0:0,0:0,11101001:11101001
SUCCESS at 54200 ns,,0,1,0,0,--------,,0:0,0:0,11101000:11101000
SUCCESS at 54300 ns,,0,1,0,0,--------,,0:0,0:0,11100111:11100111
SUCCESS at 54400 ns,,0,1,0,0,--------,,0:0,0:0,11100110:11100110
SUCCESS at 54500 ns,,0,1,0,0,--------,,0:0,0:0,11100101:11100101
SUCCESS at 54600 ns,,0,1,0,0,--------,,0:0,0:0,11100100:11100100
SUCCESS at 54700 ns,,0,1,0,0,--------,,0:0,0:0,11100011:11100011
SUCCESS at 54800 ns,,0,1,0,0,--------,,0:0,0:0,11100010:11100010
SUCCESS at 54900 ns,,0,1,0,0,--------,,0:0,0:0,11100001:11100001
SUCCESS at 55000 ns,,0,1,0,0,--------,,0:0,0:0,11100000:11100000
SUCCESS at 55100 ns,,0,1,0,0,--------,,0:0,0:0,11011111:11011111
SUCCESS at 55200 ns,,0,1,0,0,--------,,0:0,0:0,11011110:11011110
SUCCESS at 55300 ns,,0,1,0,0,--------,,0:0,0:0,11011101:11011101
SUCCESS at 55400 ns,,0,1,0,0,--------,,0:0,0:0,11011100:11011100
SUCCESS at 55500 ns,,0,1,0,0,--------,,0:0,0:0,11011011:11011011
SUCCESS at 55600 ns,,0,1,0,0,--------,,0:0,0:0,11011010:11011010
SUCCESS at 55700 ns,,0,1,0,0,--------,,0:0,0:0,11011001:11011001
SUCCESS at 55800 ns,,0,1,0,0,--------,,0:0,0:0,11011000:11011000
SUCCESS at 55900 ns,,0,1,0,0,--------,,0:0,0:0,11010111:11010111
SUCCESS at 56000 ns,,0,1,0,0,--------,,0:0,0:0,11010110:11010110
SUCCESS at 56100 ns,,0,1,0,0,--------,,0:0,0:0,11010101:11010101
SUCCESS at 56200 ns,,0,1,0,0,--------,,0:0,0:0,11010100:11010100
SUCCESS at 56300 ns,,0,1,0,0,--------,,0:0,0:0,11010011:11010011
SUCCESS at 56400 ns,,0,1,0,0,--------,,0:0,0:0,11010010:11010010
SUCCESS at 56500 ns,,0,1,0,0,--------,,0:0,0:0,11010001:11010001
SUCCESS at 56600 ns,,0,1,0,0,--------,,0:0,0:0,11010000:11010000
SUCCESS at 56700 ns,,0,1,0,0,--------,,0:0,0:0,11001111:11001111
SUCCESS at 56800 ns,,0,1,0,0,--------,,0:0,0:0,11001110:11001110
SUCCESS at 56900 ns,,0,1,0,0,--------,,0:0,0:0,11001101:11001101
SUCCESS at 57000 ns,,0,1,0,0,--------,,0:0,0:0,11001100:11001100
SUCCESS at 57100 ns,,0,1,0,0,--------,,0:0,0:0,11001011:11001011
SUCCESS at 57200 ns,,0,1,0,0,--------,,0:0,0:0,11001010:11001010
SUCCESS at 57300 ns,,0,1,0,0,--------,,0:0,0:0,11001001:11001001
SUCCESS at 57400 ns,,0,1,0,0,--------,,0:0,0:0,11001000:11001000
SUCCESS at 57500 ns,,0,1,0,0,--------,,0:0,0:0,11000111:11000111
SUCCESS at 57600 ns,,0,1,0,0,--------,,0:0,0:0,11000110:11000110
SUCCESS at 57700 ns,,0,1,0,0,--------,,0:0,0:0,11000101:11000101
SUCCESS at 57800 ns,,0,1,0,0,--------,,0:0,0:0,11000100:11000100
SUCCESS at 57900 ns,,0,1,0,0,--------,,0:0,0:0,11000011:11000011
SUCCESS at 58000 ns,,0,1,0,0,--------,,0:0,0:0,11000010:11000010
SUCCESS at 58100 ns,,0,1,0,0,--------,,0:0,0:0,11000001:11000001
SUCCESS at 58200 ns,,0,1,0,0,--------,,0:0,0:0,11000000:11000000
SUCCESS at 58300 ns,,0,1,0,0,--------,,0:0,0:0,10111111:10111111
SUCCESS at 58400 ns,,0,1,0,0,--------,,0:0,0:0,10111110:10111110
SUCCESS at 58500 ns,,0,1,0,0,--------,,0:0,0:0,10111101:10111101
SUCCESS at 58600 ns,,0,1,0,0,--------,,0:0,0:0,10111100:10111100
SUCCESS at 58700 ns,,0,1,0,0,--------,,0:0,0:0,10111011:10111011
SUCCESS at 58800 ns,,0,1,0,0,--------,,0:0,0:0,10111010:10111010
SUCCESS at 58900 ns,,0,1,0,0,--------,,0:0,0:0,10111001:10111001
SUCCESS at 59000 ns,,0,1,0,0,--------,,0:0,0:0,10111000:10111000
SUCCESS at 59100 ns,,0,1,0,0,--------,,0:0,0:0,10110111:10110111
SUCCESS at 59200 ns,,0,1,0,0,--------,,0:0,0:0,10110110:10110110
SUCCESS at 59300 ns,,0,1,0,0,--------,,0:0,0:0,10110101:10110101
SUCCESS at 59400 ns,,0,1,0,0,--------,,0:0,0:0,10110100:10110100
SUCCESS at 59500 ns,,0,1,0,0,--------,,0:0,0:0,10110011:10110011
SUCCESS at 59600 ns,,0,1,0,0,--------,,0:0,0:0,10110010:10110010
SUCCESS at 59700 ns,,0,1,0,0,--------,,0:0,0:0,10110001:10110001
SUCCESS at 59800 ns,,0,1,0,0,--------,,0:0,0:0,10110000:10110000
SUCCESS at 59900 ns,,0,1,0,0,--------,,0:0,0:0,10101111:10101111
SUCCESS at 60000 ns,,0,1,0,0,--------,,0:0,0:0,10101110:10101110
SUCCESS at 60100 ns,,0,1,0,0,--------,,0:0,0:0,10101101:10101101
SUCCESS at 60200 ns,,0,1,0,0,--------,,0:0,0:0,10101100:10101100
SUCCESS at 60300 ns,,0,1,0,0,--------,,0:0,0:0,10101011:10101011
SUCCESS at 60400 ns,,0,1,0,0,--------,,0:0,0:0,10101010:10101010
SUCCESS at 60500 ns,,0,1,0,0,--------,,0:0,0:0,10101001:10101001
SUCCESS at 60600 ns,,0,1,0,0,--------,,0:0,0:0,10101000:10101000
SUCCESS at 60700 ns,,0,1,0,0,--------,,0:0,0:0,10100111:10100111
SUCCESS at 60800 ns,,0,1,0,0,--------,,0:0,0:0,10100110:10100110
SUCCESS at 60900 ns,,0,1,0,0,--------,,0:0,0:0,10100101:10100101
SUCCESS at 61000 ns,,0,1,0,0,--------,,0:0,0:0,10100100:10100100
SUCCESS at 61100 ns,,0,1,0,0,--------,,0:0,0:0,10100011:10100011
SUCCESS at 61200 ns,,0,1,0,0,--------,,0:0,0:0,10100010:10100010
SUCCESS at 61300 ns,,0,1,0,0,--------,,0:0,0:0,10100001:10100001
SUCCESS at 61400 ns,,0,1,0,0,--------,,0:0,0:0,10100000:10100000
SUCCESS at 61500 ns,,0,1,0,0,--------,,0:0,0:0,10011111:10011111
SUCCESS at 61600 ns,,0,1,0,0,--------,,0:0,0:0,10011110:10011110
SUCCESS at 61700 ns,,0,1,0,0,--------,,0:0,0:0,10011101:10011101
SUCCESS at 61800 ns,,0,1,0,0,--------,,0:0,0:0,10011100:10011100
SUCCESS at 61900 ns,,0,0,0,1,--------,,0:0,1:1,--------:10011011
SUCCESS at 62000 ns,,0,0,0,0,--------,,0:0,1:1,--------:00000000
SUCCESS at 62100 ns,,1,0,0,0,00001111,,0:0,0:0,--------:00001111
SUCCESS at 62200 ns,,0,0,1,0,--------,,0:0,0:0,00001111:00001111
SUCCESS at 62300 ns,,0,1,0,0,--------,,0:0,1:1,00001111:00001111
SUCCESS at 62400 ns,,0,0,0,0,--------,,0:0,1:1,--------:00001111
SUCCESS at 62500 ns,,1,1,0,0,00001111,,0:0,0:0,--------:00001111
SUCCESS at 62600 ns,,1,0,0,1,00001111,,0:0,1:1,--------:00001111
SUCCESS at 62700 ns,,1,1,1,1,00001111,,0:0,1:1,--------:00001111
SUCCESS at 62800 ns,,1,0,0,0,01000000,,0:0,0:0,--------:01000000
SUCCESS at 62900 ns,,0,0,1,0,--------,,0:0,0:0,01000000:01000000
SUCCESS at 63000 ns,,0,1,0,0,--------,,0:0,1:1,01000000:01000000
SUCCESS at 63100 ns,,0,0,0,0,--------,,0:0,1:1,--------:01000000
